SHAP_DXY_Index,SHAP_SP500_Index,SHAP_KLCI_Index,SHAP_copper_price_t1,Trade_Date
0.026338948,0.0862584,0.013618887,0.6514127,2025-11-03
-0.034486957,0.05821263,0.0115667395,0.6153253,2025-11-04
-0.029215079,0.061878905,0.016615363,0.5353349,2025-11-05
0.0670518,0.087261274,0.011631433,0.5810502,2025-11-06
0.06197454,0.09033154,0.012337673,0.5816789,2025-11-07
0.057626862,0.09367033,0.012811555,0.53631836,2025-11-10
0.06611464,0.10665952,-0.008295357,0.6338755,2025-11-11
0.059850924,0.101932846,0.0042448347,0.6285534,2025-11-12
0.092149496,0.100135684,-0.0015260049,0.62741935,2025-11-13
0.093552716,0.10628682,0.011976872,0.64613307,2025-11-14
0.06558983,0.07087347,0.0062380056,0.6255189,2025-11-17
0.045487575,0.035465963,0.0076890164,0.64662486,2025-11-18
-0.029279644,0.049931556,0.016719585,0.6064796,2025-11-19
-0.027971368,0.012270619,0.012776077,0.62006783,2025-11-20
-0.030892897,0.030129397,0.011701225,0.6070919,2025-11-21
-0.03169903,0.039619837,0.013940751,0.6366024,2025-11-24
0.053852107,0.06029804,0.01039738,0.68349713,2025-11-25
0.059714895,0.086755015,0.011950007,0.6275794,2025-11-26
0.053200264,0.10508323,-0.0102771735,0.6765134,2025-11-28
0.066660926,0.045432817,-0.039518643,0.7490142,2025-12-01
0.06757196,0.04483541,-0.046351448,0.7499605,2025-12-02
0.100438274,0.058322296,-0.0383443,0.78290457,2025-12-03
0.09079843,0.06728443,-0.042116404,0.76878434,2025-12-04
0.08857521,0.06076751,-0.046420697,0.7660228,2025-12-05
0.09458022,0.07036718,-0.027500212,0.7739493,2025-12-08
0.11303635,0.07558813,-0.03209471,0.77058864,2025-12-09
0.101919055,0.06703252,-0.0075678676,0.79443145,2025-12-10
0.11088857,0.0563674,-0.06414186,0.78815967,2025-12-11
0.11364617,0.034372125,-0.079121515,0.77357286,2025-12-12
0.11092354,0.036112413,-0.080245115,0.7756794,2025-12-15
0.112378456,0.03524615,-0.07835685,0.77111024,2025-12-16
0.112415574,0.036839537,-0.079259254,0.7747919,2025-12-17
0.11094077,0.031716358,-0.07571924,0.77239573,2025-12-18
0.10885529,0.038904153,-0.07331553,0.7721871,2025-12-19
0.113182925,0.05540461,-0.06903233,0.78500247,2025-12-22
0.115720056,0.053987455,-0.08805419,0.7780162,2025-12-23
0.1254222,0.054451175,-0.087976694,0.76695514,2025-12-24
0.1254222,0.054451175,-0.087976694,0.76695514,2025-12-26
0.11220405,0.044067975,-0.080234505,0.93603873,2025-12-29
0.12249095,0.056208372,-0.08671432,0.77629066,2025-12-30
0.10768233,0.04608104,-0.07930282,0.92254424,2025-12-31
0.114770874,0.05618979,-0.07549931,0.8836015,2026-01-02
0.10944024,0.057198856,-0.081672885,0.8844265,2026-01-05
0.10704835,0.04451621,-0.057752628,0.94069576,2026-01-06
0.10743491,0.04639324,-0.07506243,0.9441335,2026-01-07
0.088710725,0.04962325,-0.05652097,0.92119306,2026-01-08
0.10107676,0.060465887,-0.053987343,0.90215164,2026-01-09
0.10804942,0.04815122,-0.054702304,0.9451288,2026-01-12
0.101235926,0.05886476,-0.054414805,0.9241116,2026-01-13
0.101235926,0.05886476,-0.054414805,0.9241116,2026-01-14
0.08692303,0.05503636,-0.05459041,0.91525614,2026-01-15
0.06657092,0.04788004,-0.054301683,0.9190097,2026-01-16
0.10799722,0.032699127,-0.07563732,0.9382546,2026-01-20
0.114343956,0.048933085,-0.066091225,0.9240518,2026-01-21
0.10768233,0.04608104,-0.07930282,0.92254424,2026-01-22
0.09326219,0.043208722,-0.07953291,0.918268,2026-01-23
0.10342921,0.038101286,-0.07075046,0.9494434,2026-01-26
0.105405785,0.031967413,-0.07765722,0.9511646,2026-01-27
0.105405785,0.031967413,-0.07765722,0.9511646,2026-01-28
0.105405785,0.031967413,-0.07765722,0.9511646,2026-01-29
0.10342921,0.038101286,-0.07075046,0.9494434,2026-01-30
0.13738056,0.03283469,-0.08314223,0.9659677,2026-02-03
0.09530281,0.04183941,-0.0801958,0.9421092,2026-02-04
0.11252626,0.03135488,-0.07822178,0.93390465,2026-02-05
0.09530281,0.04183941,-0.0801958,0.9421092,2026-02-06
0.105405785,0.031967413,-0.07765722,0.9511646,2026-02-09
0.105405785,0.031967413,-0.07765722,0.9511646,2026-02-10
0.105405785,0.031967413,-0.07765722,0.9511646,2026-02-11
0.106953666,0.027369317,-0.071141824,0.94466555,2026-02-12
0.104698636,0.026977833,-0.07100101,0.91893804,2026-02-13
0.11055139,0.045363702,-0.079734,0.9125855,2026-02-19
0.10167081,0.042339273,-0.07755765,0.9159048,2026-02-20
0.12758589,0.03630281,-0.07767275,0.94015676,2026-02-23
0.10908858,0.045121938,-0.07709434,0.91597384,2026-02-24
0.12406416,0.04703746,-0.0772863,0.945019,2026-02-25
0.10332347,0.041043546,-0.078058146,0.939358,2026-02-26
0.09530281,0.04183941,-0.0801958,0.9421092,2026-02-27
0.108852096,0.04474991,-0.079803325,0.9455148,2026-03-02
0.08444012,0.037815094,-0.05812992,0.91499966,2026-03-03
0.11495282,0.04760196,-0.06655827,0.94646144,2026-03-04
0.08827317,0.042130068,-0.05510527,0.91022736,2026-03-05
0.08091713,0.034479074,-0.060034458,0.89130145,2026-03-06
0.096574195,0.04003479,-0.054809578,0.89350986,2026-03-09
0.102929175,0.025267037,-0.056043316,0.93737954,2026-03-10
0.08944171,0.037222642,-0.056241136,0.9086782,2026-03-11
0.06153249,0.018307824,-0.051238563,0.8976404,2026-03-12
-0.16632017,0.002888914,-0.034256883,0.76041204,2026-03-13
0.06201255,0.018592676,-0.05143293,0.8745672,2026-03-16
0.053557128,0.03727045,-0.05510613,0.89797425,2026-03-17
-0.20914784,-0.0036793232,-0.033570237,0.69732606,2026-03-18
0.0774317,0.005416047,-0.06412047,0.8477431,2026-03-19
0.05552198,-0.021085504,-0.066228785,0.73026985,2026-03-24
0.037722412,-0.023114292,-0.06573203,0.712612,2026-03-25
-0.2034214,-0.022164475,-0.03765154,0.5061686,2026-03-26
-0.18564996,0.048257004,-0.047238003,0.62666416,2026-03-27
-0.18528537,0.01629959,-0.039998055,0.60805374,2026-03-30
-0.19258092,-0.021147901,-0.037702095,0.5350865,2026-03-31
0.048853897,-0.01074263,-0.06674921,0.8403461,2026-04-01
-0.20502867,-0.0017998578,-0.037485756,0.6521122,2026-04-02
-0.22263245,-0.006321523,-0.03743418,0.4293938,2026-04-06
-0.15740281,0.008426027,-0.041920945,0.6631885,2026-04-07
0.09786645,0.045721322,-0.060830593,0.73183453,2026-04-08
0.103181355,0.029294644,-0.0550575,0.9142689,2026-04-09
0.10738835,0.032358192,-0.07537011,0.9141729,2026-04-10
0.108852096,0.04474991,-0.079803325,0.9455148,2026-04-13
0.11255209,0.04262103,-0.08085833,0.9374918,2026-04-14
0.11220405,0.044067975,-0.080234505,0.93603873,2026-04-15
0.11220405,0.044067975,-0.080234505,0.93603873,2026-04-15
0.10954361,0.044744883,-0.079201736,0.9437583,2026-04-16
0.10954361,0.044744883,-0.079201736,0.9437583,2026-04-16
0.11255209,0.04262103,-0.08085833,0.9374918,2026-04-17
0.11255209,0.04262103,-0.08085833,0.9374918,2026-04-17
0.11255209,0.04262103,-0.08085833,0.9374918,2026-04-20
0.11255209,0.04262103,-0.08085833,0.9374918,2026-04-20
0.11689747,0.04420189,-0.08020638,0.9454285,2026-04-21
0.11689747,0.04420189,-0.08020638,0.9454285,2026-04-21
0.10742837,0.045012936,-0.075840734,0.94403833,2026-04-22
0.10742837,0.045012936,-0.075840734,0.94403833,2026-04-22
0.11495282,0.04760196,-0.06655827,0.94646144,2026-04-23
0.11495282,0.04760196,-0.06655827,0.94646144,2026-04-23
0.10695145,0.045147076,-0.07580384,0.9442492,2026-04-24
0.10695145,0.045147076,-0.07580384,0.9442492,2026-04-24
0.10979215,0.04433107,-0.07683393,0.9449057,2026-04-27
0.10979215,0.04433107,-0.07683393,0.9449057,2026-04-27
0.10743491,0.04639324,-0.07506243,0.9441335,2026-04-28
0.10743491,0.04639324,-0.07506243,0.9441335,2026-04-28
0.08781702,0.055145454,-0.058115643,0.922689,2026-04-29
0.08781702,0.055145454,-0.058115643,0.922689,2026-04-29
0.11220405,0.044067975,-0.080234505,0.93603873,2026-04-30
0.11220405,0.044067975,-0.080234505,0.93603873,2026-04-30
0.108852096,0.04474991,-0.079803325,0.9455148,2026-05-04
0.108852096,0.04474991,-0.079803325,0.9455148,2026-05-04
0.10979215,0.04433107,-0.07683393,0.9449057,2026-05-05
0.10979215,0.04433107,-0.07683393,0.9449057,2026-05-05
0.11220405,0.044067975,-0.080234505,0.93603873,2026-05-06
0.11220405,0.044067975,-0.080234505,0.93603873,2026-05-06
0.11220405,0.044067975,-0.080234505,0.93603873,2026-05-07
0.11220405,0.044067975,-0.080234505,0.93603873,2026-05-07
0.123355426,0.044835694,-0.08085883,0.9343425,2026-05-08
0.123355426,0.044835694,-0.08085883,0.9343425,2026-05-08
0.11220405,0.044067975,-0.080234505,0.93603873,2026-05-11
0.11220405,0.044067975,-0.080234505,0.93603873,2026-05-11
0.108852096,0.04474991,-0.079803325,0.9455148,2026-05-12
0.108852096,0.04474991,-0.079803325,0.9455148,2026-05-12
0.10695145,0.045147076,-0.07580384,0.9442492,2026-05-13
0.10695145,0.045147076,-0.07580384,0.9442492,2026-05-13
0.10804942,0.04815122,-0.054702304,0.9451288,2026-05-14
0.10804942,0.04815122,-0.054702304,0.9451288,2026-05-14
